1;INGRID;ABARCA;iabarcae@yahoo.es;70s;
2;MARITZA;ABARCA;maeillanes@hotmail.com;70s;
3;OSVALDO;ABARCA;osabarca@hotmail.com;70s;
4;CAMILA;ABRIGO;cabrigo@garmendia.cl;;
5;IGNACIO;ABRIGO;Sb.nashxo.sk8@hotmail.com;Beneficiario;Ruta 
6;FRANCISCA;ABUMOHOR;fran.afull@live.cl;;
7;CARLOS;AGUILERA;carlosaguileram@hotmail.com;;
8;CATALINA;AGUILERA;ikis_rojo@hotmail.com;;
9;DANIELA;AGUILERA;daniela_aguilera_m500@hotmail.com;;
10;FRANCISCA;AGUILERA;vizkala@hotmail.com;;
11;FRANCISCO;AGUILERA;alexus3@hotmail.com;;
12;LUIS;AGUILERA;capitanaguilera@hotmail.com;;
13;ANDREA;ALAMOS;apalamosg@hotmail.com;;
14;NICOLAS;ALWYN;niikhox__@hotmail.com;Beneficiario;Tropa 
15;LUCILA;ANDRADE;luuuuuuci@hotmail.com;00s;
16;CRISTIAN;ANGULO;kristian_siempre_azul@hotmail.com;Beneficiario;Tropa 
17;ALIHUEN;ANTILEO;mapuchin@hotmail.com;;
18;MARÍA DEL MAR;ARAHUETES;arahuetes@manquehue.net;;
19;EDUARDO;ARANCIBIA;eduardo.arancibia@grange.cl;70s;
20;MARTA;ARANCIBIA;martacam2002@yahoo.com;70s;
21;ANDREA;ARAVENA;andrea.geoplanet@gmail.com;;
22;FERNANDO;ARAYA;faraya1910@hotmail.com;;
23;FRANCISCO;ARAYA;faraya@sprint.cl;;
24;LEONOR;ARAYA;leonor.araya@gmail.com;70s;
25;PAULA;ARAYA;paulifran@hotmail.com;;
26;JOSEFINA;ARELLANO;bad.girl.-@hotmail.es;Beneficiario;Compañía 
27;JORGE;ARGOMEDO;aargomedo@hecsa.cl;70s;
28;MARILY;ARGOMEDO;aargomedo@hecsa.cl;70s;
29;ELIZABETH;ARMSTRONG;elizabetharmstrong39@gmail.com;70s;
30;CAROLINA;ARNES;c_arnes@hotmail.com;;
31;ALEJANDRO;ARRIAGADA;aarriagada@petrok.cl;;
32;JOHANNA;ARRIAZA;joy_pao_@hotmail.com;;
33;GERARDO;ARTEAGA;carlosarteaga.pef@gmail.com;;
34;JORGE;ASENJO;arquitectoasenjo@gmail.com;70s;
35;MARCELO;ASENJO;masenjog@gmail.com;70s;
36;SERGIO;ASPEE;Sergio.Aspe@adretail.cl;70s;
37;CONSUELO;ASPEE;caspe@canal13.cl;70s;
38;LUIS;BANTO;bantomaui@gmail.com;70s;
39;MARCELO;BANTO;mfbanto@gmail.com;70s;
40;RODRIGO;BANTO;Rodrigo.banto@Uvavins.ch;70s;
41;JORGE;BARRERA;jbarrera05@hotmail.com;70s;
42;CLAUDIA;BERGEZ;claudiabergez@gmail.com;;
43;MICHELLE;BERGEZ;michelebk@hotmail.com;70s;
44;MARIA ANGELICA;BERGUEZ;angelicabergez@gmail.com;70s;
45;SOLEDAD;BERGUEZ;solbk26@hotmail.com;;
46;CARLOS;BRAVO;cibravohuerta@yahoo.com;;
47;FOLLERT;BRAVO;sebastianatila@hotmail.com;Beneficiario;Tropa 
48;JAVIER;BRAVO;jabravot@yahoo.es;70s;
49;PAULINA;BRAVO;pbg@endesa.cl;70s;
50;OSCAR;BRITO;oscar.brito@gmail.com;60s;
51;ANIBAL;CABBADA;anibalito___@hotmail.com;;
52;DAVID;CABBADA;rcabbada@vtr.net;70s;
53;JUAN PABLO;CABBADA;superjp_coco@hotmail.com;;
54;NICOLAS;CABBADA;cabbada@gmail.com;;
55;REGINA;CABBADA;nina_cabbada@hotmail.com;70s;
56;YASMIN;CABBADA;yaz_antu@yahoo.com;;
57;M.CONSUELO;CACERES;consuelo_caceres@hotmail.com;;
58;DANTE;CALCAGNO;dantekol@hotmail.com;;
59;GIANCARLO;CALCAGNO;lukalcagno@gmail.com;;
60;GIANFRANCO;CALCAGNO;ruliandro@hotmail.com;;
61;IVAN;CALDERON;icalderon@tecval.cl;;
62;PABLO;CALDERON;pablo.calderon.cadiz@gmail.com;;
63;ALICIA;CAMPOS;allicamposv@hotmail.com;70s;
64;GERMAN;CAMPOS;campos.onfray@gmail.com;70s;
65;JORGE;CAMPOS;jorge.campos@impromac.cl;70s;
66;RAUL;CAÑAS;raulcd02ster@gmail.com;60s;
67;JAIME;CARMONA;jaime.carmona@gendarmeria.cl;60s;
68;CLAUDIA;CASAJUANA;tantitamivida@gmail.com;;
69;FELIPE;CASAJUANA;f.casajuan@gmail.com;;
70;JAIME;CASAJUANA;jaimecasajuana@gmail.com;70s;
71;JAVIERA;CASAJUANA;javi_javis_3@hotmail.com;;
72;JORGE;CASAJUANA;casajuana_@hotmail.com;Dirigente;
73;HUGO;CASTAÑEDA;hugocastanedav@hotmail.com;;
74;ALEJANDRA;CASTAÑON;acastanon@vectorchile.cl;70s;
75;ALVARO;CASTAÑON;claudiocastanonmigeot@gmail.com;;
76;ANA LUZ;CASTAÑON;c.analuz@yahoo.es;70s;
77;CLAUDIO;CASTAÑON;claudiocastanonmigeot@gmail.com;70s;
78;JORGE;CASTRO;tango_negro@hotmail.com;;
79;PATRICIO;CASTRO;pato_one@hotmail.com;;
80;JAVIER;CELEDON;javier_celedon@hotmail.com;;
81;JOAQUIN;CORDERO;joacocordero@gmail.com;Dirigente;
82;MARIA PAZ;CORDERO;pepacordero@gmail.com;;
83;VALENTINA;CORDOVA;laah.valehh@hotmail.com;Beneficiario;Compañía 
84;ANA MARIA;CORTES;annabeck_@hotmail.com;;
85;JAIME;CORTES;japacortes@yahoo.com;70s;
86;JUAN;CORTES;juanocortes@hotmail.com;70s;
87;PILAR;CUADRA;pili_diami_angol@hotmail.com;Beneficiario;Compañía 
88;MARCELO;CUMPLIDO;tallerlaquilla@gmail.com;;
89;LA CARRERA ANA;DE;anamariadelacarrera@gmail.com;70s;
90;LA CARRERA PAULINA;DE;paulinadelacarrera@gmail.com;;
91;LAS HERAS FRANCISCO;DE;fgregoriog@vtr.net;70s;
92;MARCHI ANTONELLA;DE;anto_demarchi@hotmail.com;Beneficiario;Compañía 
93;CAROLINA;DIAZ;Karito_1404@hotmail.com;Beneficiario;Ruta 
94;LORETO;DIAZ;loredicat@hotmail.com;Beneficiario;Compañía 
95;MARIA JOSE;DIAZ;diazma@tiscali.it;70s;
96;PABLO;DUBO;pablodubof@gmail.com;;
97;DIEGO;DURAN;dddura69@gmail.com;Beneficiario;Ruta 
98;CATALINA;ECHEGOYEN;khiton_@hotmail.com;Beneficiario;Compañía 
99;PABLO;ECHIBURU;pecmor63@gmail.com;;
100;JORGE;ESCOTE;jlescote@gasco.cl;70s;
101;ANDREA;ESPINOZA;aespinz@hotmail.com;;
102;FRANCISCO;ESPINOZA;fespinosacl@yahoo.com;;
103;RICARDO;ESPINOZA;ricardo.espinosa.z@hotmail.com;;
104;ALBERTO;ESPOZ;isabelina50@yahoo.com.es;70s;
105;ALVARO;ESPOZ;alvaro.espoz@gmail.com;70s;
106;PATRICIO;EYSAGUIRRE;patorfebre@hotmail.com;;
107;CLAUDIO;FERNANDEZ;cfernandez@isa.cl;;
108;FRANCIS;FERREIRO;francis_nexos@hotmail.com;;
109;MARCELA;FIGUEROA;marcelafigueroazamora@hotmail.com;;
110;MARIO;FIGUEROA;mafigza@gmail.com;60s;
111;MARITZA;FIGUEROA;marissaleone@hotmail.com;70s;
112;DANIELA;FLORES;natygris@hotmail.com;;
113;CONSUELO;FORNES;consuelo.fornes@gmail.com;70s;
114;JORGE;FORNES;jmfornes@yahoo.com;70s;
115;RODRIGO;FORNES;fornickinson@hotmail.com;;
116;PATRICIA;FREITE;lml@vtr.net;70s;
117;XIMENA;FREITE;xfreitte@gmail.com;70s;
118;FERNANDO;FREITTE;fernandofreitte.xia@gmail.com;70s;
119;HILDA;FREITTE;hfreitte2618@gmail.com;70s;
120;JORGE;FREITTE;jfreitte@vtr.net;70s;
121;CINTIA;FUENTES;cfalvear@hotmail.com;;
122;DEBORA;FUENTES;debora1611@hotmail.com;;
123;FERNANDO;GAETE;fernando.gaete@gmail.com;;
124;FRANCISCA;GAETE;fgaete@colegioaltamira.cl;;
125;FRANCISCO;GAETE;panchop71@hotmail.com;;
126;MARIA RENE;GAETE;mareneegaete@hotmail.com;;
127;PAMELA;GALLARDO;pamelagallardop@hotmail.com;;
128;ADRIAN;GAMBETTA;aegambet@uc.cl;;
129;FILIPO;GAMBETTA;filipofox@hotmail.com;;
130;KATTY;GARCIA;katagardu@yahoo.com;;
131;VIVIANA;GARRIDO;vivianagarridon@hotmail.com;;
132;GERARDO;GEDIES;ggedies@hotmail.com;;
133;RICARDO;GODOY;rickygodoy@hildegard.cl;70s;
134;CARLOS;GOLDSACK;carlos.goldsack@nismar.cl;70s;
135;ISABEL;GOLDSACK;isabel.goldsack@sekmail.com;70s;
136;MONICA;GOLDSACK;mgoldsackz@gmail.com;70s;
137;GUILLERMO;GOMARA;ggomara@bancoestado.cl;;
138;XIMENA;GOMARA;xicagogo@yahoo.es;;
139;DANTE;GOMEZ;dgomezl@bancochile.cl;70s;
140;ENRIQUE;GOMEZ;enrigom@gmail.com;;
141;ERNESTO;GOMEZ;ernestogomez@vtr.net;70s;
142;GABRIEL;GONZALEZ;luisgabriel.gonzalez@gmail.com;;
143;JOSE;GONZALEZ;x.josegonzalez@gmail.com;Beneficiario;Ruta 
144;CARMEN GLORIA;GREVE;cggreve@gmail.com;;
145;VALENTINA;GUAJARDO;levaa.g@hotmail.com;Beneficiario;Compañía 
146;SEBASTIAN;HANNIG;sebastian.hannig.g@gmail.com;70s;
147;ILSE;HASCHKE;gala108@hotmail.com;;
148;JORGE;HASCHKE;jhaschke@cintazul.cl;;
149;SERGIO;HERRERA;sergiomherrera@gmail.com;;
150;ISABEL;IBARRA;koenigis@googlemail.com;70s;
151;IVAN;IBARRA;iibarra@bancoestado.cl;60s;
152;IGNACIO;IDALSOAGA;director@buinzoo.cl;70s;
153;SERGIO;ITURRI;siturri17@hotmail.com;70s;
154;ARTURO;JABALQUINTO;arturojabalquinto@hotmail.com;;
155;GALO;JARA;galo.jara@gmail.com;;
156;MAURICIO;JARA;hectorm_jc@hotmail.com;;
157;CLAUDIO;JIMENEZ;cjimenez1000@yahoo.es;;
158;EXEQUIEL;JIMENEZ;ejimenez@med.uchile.cl;;
159;NELSON;JORQUERA;nelsonunion@hotmail.com;70s;
160;SUSANA;JORQUERA;susana0413@hotmail.com;70s;
161;VERONICA;KATALINIC;verocakatalinic@hotmail.com;;
162;CHRISTOPHER;KELLER;cdksfofi@hotmail.com;;
163;MICHAEL;KELLER;michael.keller@udp.cl;;
164;VICKY;KUNSTMANN;vkunstmann@gmail.com;70s;
165;ROSA MARIA;LABARCA;rlabarcajaque@gmail.com;;
166;CARMEN LUZ;LABBE;carmenluzlabbe@gmail.com;;
167;VICTOR;LABBE;escobilla3carretes@hotmail.com;;
168;MIGUEL;LAGOS;constructor77@gmail.com;;
169;JOSE MIGUEL;LANCELOTTI;jlance60@bancoestado.cl;;
170;GONZALO;LAZO;glazo@mbienes.cl;;
171;LAUTARO;LAZO;llazo@agrical.cl;;
172;ANA MARIA;LETELIER;amarantasol@gmail.com;70s;
173;RICARDO;LILLO;rlillo_2000@hotmail.com;70s;
174;DORITA;LINEROS;dlineros@uc.cl;70s;
175;MONICA;LINEROS;monica@arrigoni.cl;70s;
176;PATRICIO;LIZAMA;plizama@mediplex.cl;70s;
177;KRESIMIR;LJUBETIC;kresimirljubetic@vtr.net;70s;
178;FELIPE;LOBATO;flobato.c@gmail.com;;
179;HUMBERTO;LOISELLE;hpjlr@hotmail.com;60s;
180;PEDRO;LOISELLE;pedroloiselle@hotmail.com;60s;
181;CRISTIAN;LOPEZ;crilofer63@gmail.com;;
182;JAVIER;LOPEZ;lexischile@gmail.com;;
183;LOREDANA;LUPPICHINI;lorerlv@hotmail.com;;
184;PATRICIO;MACERATTA;juanmaceratta@hotmail.com;;
185;CARLOS;MANDAKOVIC;cmandak@vtr.net;70s;
186;CRISTINA;MARAMBIO;c.marambiomelis@gmail.com;Dirigente;
187;ENRIQUE;MARFIL;emarfil@bancochile.cl;70s;
188;CARMEN;MARTINA;cmartina@uai.cl;70s;
189;JAVIER;MARTINEZ;jmartinezcossio@gmail.com;Dirigente;
190;PAMELA;MARTINEZ;p.martinez.lillo@gmail.com;90s;
191;ANDREA;MELIS;melisherman@hotmail.com;;
192;AYLIN;MENA;aylincita11@hotmail.com;Beneficiario;Compañía 
193;DANIELA;MENA;d.mena@live.cl;Dirigente;
194;LUIS;MENESES;lml@vtr.net;70s;
195;CAROLINA;MERINO;almendrita203@hotmail.com;;
196;CLAUDIA;MERINO;cmerinosuarez@gmail.com;;
197;VICTORIA;MERINO;mavmerino@hotmail.com;70s;
198;IVAN;MESIAS;mesiasivan@hotmail.com;70s;
199;BELEN;MILLARAY;belenmirallay@hotmail.com;Beneficiario;Compañía 
200;NADIA;MIMICA;nadia.mimica@vtr.net;;
201;MARRIETTA;MOLIN;mariettamolin@hotmail.com;;
202;GERARDO;MOLINA;el.gerardithox_lda@hotmail.com;Beneficiario;Tropa 
203;RODRIGO;MOLINA;polloh2@zonahiphop.cl;Beneficiario;Ruta 
204;EMMA;MONDACA;ayamix.emma@gmail.com;70s;
205;SUSANA;MORALES;susa.mora@gmail.com;;
206;DARIO;MOREIRA;moreira.dario@gmail.com;;
207;GERMAN;MOREN;luighe@gmail.com;;
208;LUIS;MOREN;luighe@gmail.com;;
209;NYDIA;MUÑOZ;nydia._@hotmail.com;Beneficiario;Compañía 
210;LUIS;NAVARRETE;esa300@hotmail.com;70s;
211;CAROLINA;NEIRA;cneira60@bancoestado.cl;Dirigente;
212;KARINA;NEIRA;kneirac@hotmail.com;;
213;PATRICIA;NEIRA;patty_neira@hotmail.com;;
214;MIGUEL;NEUBURG;mneuburg@userena.cl;60s;
215;JORGE;NIETO;jnietto@gmail.com;;
216;GIANNA;OGINO;giannaoginof@hotmail.com;;
217;FRANCISCO;OJEDA;panchojeda@hotmail.com;;
218;ISABEL;OJEDA;isojedap@gmail.com;;
219;PIA;OJEDA;piaojedap23@gmail.com;;
220;M.ANTONIETA;OLATE;antonietaolate@hotmail.com;;
221;VANESA;OLATE;vane_olate@hotmail.com;;
222;CECILIA;OLIVA;ceciliataty@gmail.com;;
223;EDUARDO;OPAZO;eopazo@qyb.cl;;
224;GLORIA;OPAZO;geov68@gmail.com;;
225;CRIPUSCULO;ORTIZ;circuloo1973@gmail.com;;
226;CRISTINA;OSSES;Crysty_porq@hotmail.com;Beneficiario;Ruta 
227;JORGE;OSSES;jorge.lov_04@hotmail.com;Dirigente;
228;RODRIGO;OSSES;rorro.osses@hotmail.com;Dirigente;
229;CECILIA;OVALLE;mcovallej@vtr.net;;
230;LORETO;OVALLE;loreovalle@gmail.com;70s;
231;IGNACIO;PADRE;nachosacerdote@gmail.com;10s;
232;ANTONIA;PALOMAS;nonipalomas@yahoo.es;70s;
233;JORGE;PALOMAS;jpalomasjrpp60@yahoo.com;70s;
234;JUAN LUIS;PALOMAS;jlpalomas@corporanda.cl;70s;
235;ELIZABETH;PASTENES;brillitox_elhi@hotmail.com;Beneficiario;Compañía 
236;ALDO;PASTORE;aldopastore@hotmail.com;;
237;PIA;PATIÑO;Pachita_1@hotmail.com;Dirigente;
238;CRISTIAN;PEREZ;kriizx3@gmail.com;;
239;ANA;POBLETE;amapoba@gmail.com;70s;
240;VERONICA;POLITIS;vpolitisc@hotmail.com;;
241;CRISTINA;PRADENAS;cristypradenas@gmail.com;;
242;JUAN PABLO;PRAT;juanpprat@gmail.com;70s;
243;GONZALO;QUINTANILLA;kijotez@msn.com;;
244;MARIELA;QUINTERO;mariela2407@gmail.com;70s;
245;PAULETTE;RAMIREZ;paulettemarcela@live.cl;00S;
246;CARLA;RAMOS;carlaramosc@gmail.com;;
247;PAULA;RAMOS;paula_ramosa@yahoo.es;;
248;ASTRID;RAYO;trollund@hotmail.com;70s;
249;BRUNO;RETAMAL;b.abrigo@hotmail.es;Beneficiario;Tropa 
250;JUAN;RETAMAL;kuang_hawk_07@hotmail.com;;
251;CAROLA;REVECO;carolina@plasticosrehnos.cl;70s;
252;MAURICIO;REVECO;mreveco@plasticosrehnos.cl;70s;
253;MONICA;REVECO;reveco@plasticosrehnos.cl;70s;
254;DANAE;REYES;narusegawa2006@hotmail.com;Beneficiario;Compañía 
255;JORGE;RIVAS;ecb@pap.nwm.com.br;;
256;TAMARA;RIVAS;tamararivasl@gmail.com;;
257;TATIANA;RIVAS;tatianarivas6@hotmail.com;;
258;MARTIN;ROBERTSON;tin.robertson@gmail.com;Dirigente;
259;MATIAS;ROBERTSON;halcon_mrv@hotmail.com;Dirigente;
260;PAULINA;ROCA;paulinaroca@hotmail.com;;
261;XIMENA;ROCA;xroca@bancochile.cl;70s;
262;LUIS;RONDANELLI;luronmor@yahoo.es;70s;
263;PIERINA;ROSSETTI;pierina.rossetti@schering.cl;70s;
264;JORGE;ROSSI;atcoop@hotmail.com;60s;
265;VERONICA;ROSSI;verorossic@gmail.com;70s;
266;FRANCISCO;ROUSSEAU;rousseau101@gmail.com;70s;
267;FRANCISCA;ROZAS;francalu@hotmail.com;;
268;MIGUEL ANGEL;RUBIO;mascotamigos@msn.com;70s;
269;GABRIEL;SALAZAR;gabriel.salazar.ibanez@gmail.com;70s;
270;MARCELO;SALAZAR;msalazar@surcom.cl;70s;
271;NICOLAS;SANCHEZ;nabrigo@gmail.com;Dirigente;
272;ALBERTO;SARRA;alberto.sarra@addwise.cl;70s;
273;ARNAU;SARRA;arnausarra@gmail.com;70s;
274;CLAUDIA;SCHINDLER;claudiaschin@gmail.com;70s;
275;CESAR;SEPULVEDA;cespuv@gmail.com;70s;
276;CIRO;SEPULVEDA;csepulv4@bancoestado.cl;;
277;GONZALO;SEPULVEDA;gsepulve@santander.cl;70s;
278;PATRICIO;SEPULVEDA;psepulv2@bancoestado.cl;;
279;CAROLA;SERRANO;carola.serran@gmail.com;70s;
280;CECILIA;SEYLER;cecilia.seyler@gmail.com;70s;
281;FERNANDA;SEYLER;mseyler@bancochile.cl;70s;
282;FERNANDO;SEYLER;fgseyler@puc.cl;70s;
283;VIRGINIA;SEYLER;vseyler@pedrodevaldivia.cl;70s;
284;ALEJANDRA;SILVA;alita.silva@hotmail.es;Dirigente;
285;CAROLINA;SILVA;karolita_thepy@hotmail.com;Dirigente;
286;FRANCISCO;SILVA;chispa_union@hotmail.com;Beneficiario;Tropa 
287;IVAN;SILVA;ivan.silva@difarma.cl;70s;
288;JOSE;SILVA;jrsilva@entel.cl;70s;
289;JUAN;SILVA;juanmsilva@hotmail.com;70s;
290;M.DE LOS ANGELES;SILVA;lokilla_full@hotmail.com;;
291;PEDRO;SILVA;psilvar@bancochile.cl;70s;
292;VALERIA;SILVA;ez_valita_@hotmail.com;Beneficiario;Compañía 
293;ELENA;SITTLER;elenasittler@yahoo.com;70s;
294;MARCELA;SITTLER;sisisisittler@gmail.com;70s;
295;SILVIA;SITTLER;silviasittler@tie.cl;70s;
296;ESPERANZA;SOLIS;espe_anais98.7@hotmail.com;Beneficiario;Compañía 
297;GIULIANO;SQUADRITO;giulianosp@hotmail.com;60s;
298;VANESSA;STUVEN;vany21cl@hotmail.com;;
299;GERARDO;TAPIA;gtapia@gmail.com;70s;
300;JOSE;TAPIA;jose.antonio.tapia@gmail.com;;
301;IGNACIO;TERMINEL;iterminelk@gmail.com;70s;
302;CAMILO;TOBAR;camilo_tta_panda@hotmail.com;Beneficiario;Tropa 
303;BARBARA;TORISZAY;toriszay@esfera.cl;70s;
304;ALEJANDRA;TORRES;aleproduc@hotmail.com;;
305;MAURICIO;TORRES;mauriciotorres_7@yahoo.com;;
306;MARIA PIA;TRONCOSO;piatronco@hotmail.com;;
307;FRANCISCO;UGARTE;Panchoo.u@hotmail.com;Beneficiario;Ruta 
308;M. JOSE;UGARTE;la_moskita8@hotmail.com;Dirigente;
309;MAYRA;UGARTE;la_vakyta18@hotmail.com;Beneficiario;Compañía 
310;ISIDORA;UTRERAS;izithaaxx_12_.-@hotmail.com;Beneficiario;Compañía 
311;ANGELICA;VALDERRAMA;mangelica53@hotmail.com;70s;
312;PAULINA;VALDERRAMA;pauvalderrama@gmail.com;70s;
313;BERNARDO;VALENCIA;b_valencia@hym.cl;70s;
314;HORACIO;VALENCIA;hvalenciagana@gmail.com;70s;
315;ALVARO;VALENZUELA;alvaro.flaco@gmail.com;;
316;B. MARIA PAZ;VALENZUELA;mpvalenz@uchilefau.cl;70s;
317;A. MARIA PAZ;VALENZUELA;criatura11@hotmail.com;;
318;NELLY;VALENZUELA;nellycandy@yahoo.com;;
319;PAULA;VALENZUELA;beatrinch@hotmail.com;;
320;SOLEDAD;VALENZUELA;nsoledadv@hotmail.com;;
321;VICTOR;VALENZUELA;victorvalenzuelal@gmail.com;;
322;CLAUDIA;VALLADARES;cvalladares@minpublico.cl;;
323;PABLO;VARAS;varas_pablo@hotmail.com;;
324;MAGDALENA;VARGAS;magda_vt@hotmail.com;;
325;RICARDO;VARGAS;ricardovargasc@hotmail.com;;
326;IGNACIO;VASQUEZ;j_nacho_v_c_@hotmail.com;;
327;CAMILA;VEGA;kaby_hxc@hotmail.com;00s;
328;AGUSTIN;VELIS;cuchoava01@gmail.com;;
329;CLAUDIA;VERA;claudia_verad@hotmail.com;;
330;JUAN PABLO;VERA;diluido3@hotmail.com;;
331;NATALIA;VIDAL;na.thy20@live.cl;Beneficiario;Compañía 
332;VIVIANA;VIDAL;vivianamvidal@gmail.com;;
333;PAULA;VILLALON;x.the.paula.x@hotmail.com;Beneficiario;Ruta 
334;CRISTINA;VILLANUEVA;cristyosses@hotmail.com;70s;
335;SEBASTIAN;VITIS;sebavitis@hotmail.com;;
336;PILAR;VITTIS;pilardemi@hotmail.com;;
337;FERNADO;WAYMAN;fwaymann@playinstrument.cl;60s;
338;GERARDO;WOLF;g.wolfperez@gmail.com;;
339;MARIO;ZAMARA;mzamara@gmail.com;70s;
340;MARCELA;ZANDOVAL;xpashii@hotmail.com;Beneficiario;Ruta 
341;ANGEL;ZAPATA;tomax_12_@hotmail.com;Beneficiario;Tropa 
342;IGNACIA;ZAPATA;ignacia.zapata@gmail.com;;
343;IGNACIO;ZAPATA;ignacio.zapata@gmail.com;;
344;KARIN;ZIMMERMAN;karin.zimmermann@chartisinsurance.com;70s;